{
    "filename": "1846L-04.bmp",
    "line_params": {
        "slope": -0.5076025991026477,
        "intercept": 852.3560113875163
    }
}