{
    "filename": "1846L-28.bmp",
    "line_params": {
        "slope": -0.4378391885499812,
        "intercept": 1068.414425157612
    }
}