{
    "filename": "1846L-32.bmp",
    "line_params": {
        "slope": -0.42589018593368994,
        "intercept": 1111.165495733515
    }
}