{
    "filename": "1846L-24.bmp",
    "line_params": {
        "slope": -0.4506491400181523,
        "intercept": 1028.3588550513857
    }
}