{
    "filename": "1846L-16.bmp",
    "line_params": {
        "slope": -0.4743605165231895,
        "intercept": 953.2739365695332
    }
}