{
    "filename": "1846L-08.bmp",
    "line_params": {
        "slope": -0.49646490203170823,
        "intercept": 884.7095790438075
    }
}