{
    "filename": "1846L-00.bmp",
    "line_params": {
        "slope": -0.517121962213507,
        "intercept": 820.568498918916
    }
}