{
    "filename": "1846L-12.bmp",
    "line_params": {
        "slope": -0.4853926128679634,
        "intercept": 918.3387019669523
    }
}