{
    "filename": "1846L-20.bmp",
    "line_params": {
        "slope": -0.4627166885542381,
        "intercept": 989.7387006720236
    }
}